類目代碼,類目名稱,說明,是否隱藏
2000000000,全職職務分類,,否
2001000000,經營／人資類,從事企業經營、幕僚之規劃、執行工作,否
2001001000,經營／幕僚類人員,本類人員研擬、規劃或執行公司各項管理制度，策劃提供專業分析，協助高階主管進行決策，推動各項專案，以維持公司內在優勢與外在機會。,否
2001001002,儲備幹部,在公民營企業機構內，透過公司的訓練及栽培，執行各項工作任務，為將來要升任的主管職位預先作準備。,否
2001002001,人力資源主管,計畫、主導並協調組織內人力資源管理活動，將人力資源策略運用發揮最大綜效，並確保員工召募任用、薪資獎酬、訓練發展、人事規章等功能之完備與合於法令規範。,否
2002001000,行政／總務類人員,本類人員協助管理組織內部庶務，執行例行性工作與行政程序。,否
2002001003,行政人員,於公民營事業機構中，依照各企業的辦公流程，從事一般行政職務。,否
2002002000,法務／智財類人員,本類人員參與或提供有關法律、貸款、不動產、保險、股票等財務交易事項等之法律諮詢。處理訴訟/協議事宜，執行並檢驗相關文件之效力，執行專利分析及運用規劃。,否
2002002001,法務／智財主管,負責企業或組織內部智慧財產權管理作業之規劃、組織、協調、指導、管制及考核等活動之管理。,否
2003001001,財務或會計主管,督導、審核各項財務會計作業，並提出各項財務、稅務、投資、融資決策之建議。,否
2003001002,會計師,具有會計師資格，從事會計事務之設計與管理，及為私人、企業、團體及政府機關之會計問題提供諮詢服務之人員屬之。,否
2003001003,財務分析／財務人員,分析各項量化資料或資訊，提出與財務、稅務、投資、融資等相關之專案報告；督導、執行各項與資金有關之財務作業。,否
2003001004,主辦會計,審核各項會計作業，並完成財務報表與分析相關財務訊息。,否
2003001005,成本會計,對各種已發生或將發生的成本相關財務活動，進行規劃、預算、執行、記錄、報告與分析。,否
2003001006,記帳／出納／一般會計,對客戶提供記帳、財報分析、申報及租稅規劃等服務；從事現金出納，並登記現金交易事項；從事財務處理記錄、會計及簿記之記錄及代理營業場所帳籍登錄與計算、付款、收款及開立扣繳或免扣繳憑單等工作。,否
2003001007,查帳／審計人員,在會計原則之下，從事辦理會計、財務處理記錄等工作。,否
2003001008,稽核人員,企業或組織內部稽核工作之規劃、組織、協調、指導、管制及考核等活動之管理。,否
2003001009,稅務人員,凡在稅收、買賣契約及其他證件之檢查，以決定個人、企業應繳之稅務種類及金額等工作。,否
2003001010,財務會計助理,協助處理財務作業、會計作業與部門行政事務等相關業務。,否
2003002000,金融專業相關類人員,本類人員協助客戶管理財富，開發潛在客戶，了解客戶理財目標，提出專業評估風險或投資建議，推廣最新金融商品。,否
2003002001,金融專業主管,在金融、投資相關企業、組織或部門中，從事顧客服務活動及作業之規劃、組織、指導、協調、管制及考核等管理工作。,否
2004001000,行銷類人員,本類人員從事產品市場發展、推廣各類商品、拓展客戶群、投資人之關係維持與規劃、通路規劃及管理廣告事宜等工作。,否
2004001001,廣告企劃主管,廣告公關公司及其他相關行業中，協助客戶進行選擇廣告之播放媒體類型、時段、頻道，與刊載版面、日期等頻次規劃之專業人員。,否
2004001002,行銷企劃主管,確認產品需求、競爭者和潛在客戶，以發展既能達成公司目標又能讓顧客滿意的行銷或品牌策略，並監測新產品和新服務的需求趨勢及顧客對產品的觀感。,否
2004001003,品牌宣傳及媒體公關人員／主管,廣告公關公司及其他相關行業中，負責委託機構之形象塑造與從事其品牌權益管理之專業人員。,否
2004001004,產品行銷人員,為產品擬定行銷策略、訂價策略、促銷計劃、撰寫行銷方案等。,否
2004001005,行銷企劃人員,從事產品行銷企劃擬定，透過廣告、公關、媒體、品牌的資源整合與運用，以提升公司形象及產品競爭力。,否
2004001006,活動企劃人員,從事各式有助於形象推廣、業務推廣之活動企劃提案、執行等工作。,否
2004001007,網站行銷企劃,依照顧客需求，針對企業架站及網路行銷活動，進行網站規劃或網路行銷創意執行，以提升網站流量、會員數、會員購買力、產品銷售量。,否
2004001008,媒體公關／宣傳採買,廣告公關公司及其他相關行業中，選擇媒體並購買其廣告時段或版面之人員。,否
2004001009,廣告文案／企劃,廣告公關公司及其他相關行業中從事創意、撰寫、彙編有關企業或其他委託機構之宣傳文案，並藉由傳播媒體予以對外發表之工作。,否
2004001010,市場調查／市場分析,負責市場情報搜集與資料分析，執行各類調查研究專案，並產出分析建議報告提供行銷企劃人員或經營管理階層參考運用。,否
2004001011,不動產／商場開發人員,負責商用不動產之開發及經營管理業務。,否
2004001012,行銷企劃助理,協助發展、規劃、執行、改進行銷策略及計劃之工作。,否
2004002000,產品企劃類人員,本類人員從事產品之規劃、開發、執行企劃、競爭趨勢分析及成本分析控管。,否
2004002001,產品企劃主管,制定行銷策略及各項產品推廣、促銷活動及廣告策略，並規劃市場情報系統及指導商品開發企劃，以協助達到銷售目標，並透過各種活動來提昇公司形象。,否
2004002002,產品企劃開發人員,從事產品開發之企劃、行銷、宣傳等工作。,否
2004002003,傳播媒體企劃人員,廣告公關公司及其他相關行業中，協助客戶進行選擇廣告之播放媒體類型、時段、頻道，與刊載版面、日期等頻次規劃之工作。,否
2004002004,發行企劃／出版人員,將文學、藝術作品或訊息製成作品、發行等之相關工作。,否
2004003000,專案／產品管理類人員,本類人員因其專案範疇不同，具備之專業知識與技能也不相同。但一致的是進行專案的活動，如：協助主管進行專案活動之成本管理、時間管理、風險管理、人力管理、品質管理、採購管理等項目，並包括與協力廠商或客戶的協調工作。,否
2004003001,專案管理主管,負責計劃、指揮及協調各項專案相關事宜，並管理部門日常活動。,否
2004003002,營運管理師／系統整合／ERP專案師,從事營運管理的規劃、管理系統的整合及ERP企業資源的規劃等專案之設計、協調、導入等工作，以確保營管系統順暢地運行。,否
2004003003,軟體相關專案管理師,從事軟體設計、系統規劃、溝通協調等專案管理工作。,否
2004003004,其他專案管理師,負責專案事件的統籌、分配、追蹤，並與客戶溝通協調。,否
2005001000,客戶服務類人員,本類人員處理客戶訂單、查詢及處理一般性客戶投訴事宜。,否
2005001001,客戶服務主管,負責客服中心人員管理、流程規劃改造，以及客服績效目標設定與管理。,否
2005001002,門市／店員／專櫃人員,於專櫃、賣場或門市裡提供商品介紹及銷售服務。,是
2005001003,售票／收銀人員,於商店或售票處等場所從事直接收受客戶購物或接受服務之付款並回找零錢、填發收據或自來水費、電費、燃氣費、保險費、報費以及停車場、售票處(亭)、高速公路收費站、娛樂場所、展覽場所等收費或售票工作人員均屬之。操作收銀機之收銀員亦包括在內。,是
2005001004,電話客服類人員,負責接聽客戶服務專線，並協助客戶訴怨解決問題。,否
2005001005,其他客戶服務人員,提供客戶服務工作及客戶關係之維護。,否
2005002000,門市營業類人員,本類人員在固定店面或攤位從事產品準備、點購及產品銷售等工作之規劃管理，並即時服務客戶需求。,否
2005002004,門市／店員／專櫃人員,於專櫃、賣場或門市裡提供商品介紹及銷售服務。,否
2005003000,業務銷售類人員,本類人員工作內容以解說、販賣貨品為主。從事產品推廣與銷售工作，客戶拜訪及關係之維持，並能協助市場開發客源。,否
2005003001,國內業務主管,負責計劃及協調國內業務的部門活動、參與訂定公司經營策略、提出產品行銷策略等工作。,否
2005003002,國外業務主管,負責計劃、指揮及協調有關國外業務推廣的部門活動、業務人員的日常管理，並開發國際市場，以提高市場佔有率。,否
2005003003,專案業務主管,計劃、指揮及協調專案業務推廣、產品導入、生產安排、產品維護等工作，並掌控專案進度。,否
2005003004,國內業務人員,針對企業、團體或個人，從事商品或服務之國內銷售、業務推廣、產品行銷、客戶維繫、客戶開發等工作。,否
2005003005,國外業務人員,針對企業、團體，從事商品或服務之國外銷售、業務推廣、國外訂單處理、國外市場開發及客戶拜訪、展覽籌劃等工作。,否
2005003006,廣告AE業務人員,經手承攬報刊、雜誌、車廂、廣告牌等之廣告欄，及廣播、電視節目間之廣告插播等工作。,否
2005003007,電話行銷人員,透過電話說服他人購買商品或服務。,否
2005003008,醫藥業務代表,負責公司醫療器材產品之業務推廣。,否
2005003009,不動產經紀人,經營房地產公司，或為商業房地產公司工作，監督房地產交易。其他的職責通常包括出售房地產或出租不動產及安排貸款。,否
2005003010,汽車銷售人員,於汽車業營業據點負責汽車銷售、售後服務及相關事項處理。,否
2005003011,傳銷人員,在任何地區內，向大眾個人推銷貨品並接受訂單者。,否
2005003012,駐校代表,由公司派駐在學校內的業務服務人員。,否
2005003013,業務助理,協助業務人員完成銷售業務之行政後勤工作、進出貨事宜及客戶端之溝通事宜。,否
2005004000,貿易類人員,本類人員負責貨物運輸安排、通關及保稅相關工作。,否
2005004001,國貿人員,安排貨物運輸業務、問題諮詢、收集匯率關稅資料、進行貨物裝載及遞送等工作。,否
2005004002,船務／押匯／報關人員,協助客戶準備報關文件、執行報關程序、處理進出口押匯、連絡交期與船期等工作。,否
2005004003,保稅人員,負責與海關接觸、控管保稅帳、控管保稅貨物。,否
2006001000,餐飲類人員,本類人員製作各式餐點、飲料，或服務顧客點餐供餐。,否
2006001001,餐飲服務生,於餐廳、飯館、小吃店等餐飲場所中，進行顧客服務、內外場聯繫、點餐供餐等工作。,否
2006001002,中餐廚師,進行中式餐點的烹調、料理及美化等工作。,否
2006001003,西餐廚師,提供顧客享受美食，於各類生鮮食品(包括成品、半成品、原物料)與各式調味料、配料在廚房調配；經由清洗、涼拌、煎、炒、煮、炸等不同製程而成為正式菜餚。,否
2006001004,其他類廚師,在一般狀況，於各類生鮮食品(包括成品、半成品、原物料)與各式調味料、配料在廚房調配；經由清洗、涼拌、煎、炒、煮、炸等不同製程而成為正式菜餚。,否
2006001005,麵包師,製作各種麵包。,否
2006001006,西點／蛋糕師,製作蛋糕及其他西點食品。,否
2006001007,調酒師／吧台人員,負責調製各式含酒精或不含酒精的飲料，並準備各式點心。,否
2006001008,餐廚助手,擔任廚師之助手，處理烹飪前與烹飪中之準備工作與其它餐廳相關事務。,否
2006002000,旅遊休閒類人員,本類人員為客戶規劃休閒或旅遊的相關景點、安全、舒適與娛樂服務。,否
2006002001,旅遊休閒類主管,凡執行旅遊/休閒相關職務，例如業務開發、企劃籌畫、通路規劃、制度建立等，並需管理部門內員工、協調跨部門事誼、教育訓練員工者屬之。,否
2006002002,飯店或餐廳主管,計畫、協調飯店或餐廳之內外場運作，並進行日常活動之管理。,否
2006002003,飯店工作人員,於旅館、飯店，從事提供顧客服務或維持旅館、飯店正常運作等工作,否
2006002004,空服員,在飛機機艙上為乘客提供各項服務工作。,否
2006002005,地勤人員,在飛機場站協助旅客登機作業之工作。,否
2006002006,領隊,從事個人或團體旅遊、觀光、遊覽之引導人員，負責安排旅遊活動，在展覽場所或參觀場所之解說導覽及負責康樂活動、戶外活動等之安排與執行等工作。,否
2006002007,導遊,於都市、史蹟、景點或名勝處所，接待或引導旅客觀光旅遊，提供適當解說及服務。,否
2006002008,OP／旅行社人員,從事顧客、商業團體旅程及組團之規劃等工作。,否
2006003000,美容／美髮類人員,美容類人員主要從事顧客臉部保養、體態雕塑與其他美容服務。美髮類人員主要從事顧客頭髮的修剪、設計、吹燙與染護保養服務。,否
2006003001,美容工作者,為客戶提供肌膚護理、彩妝、整體造型、保養及諮詢等服務。,否
2006003002,美髮工作者,為男士或女士修整頭髮及儀容等服務工作。,否
2006003003,整體造型師,運用美容專業技巧與服裝搭配技巧，透過修飾與組合由頭至腳作整體包裝設計之專業設計人員。,否
2006003004,美姿美儀人員,教導美姿美儀課題，例如站姿、坐姿、走姿等。,否
2006003005,美療／芳療師,從事美容，瘦身、美體，SPA舒壓及相關課程服務之工作者。,否
2006003006,寵物美容專業人員,在寵物專賣店、寵物醫院或其他營業場所，提供寵物美容的工作。,否
2006003007,美甲彩繪師,提供美甲修整、指甲彩繪、水晶指甲服務。,否
2006003008,美容類助理,協助美容師、美容保養、體雕瘦身、儀器等操作等。,否
2007001000,軟體／工程類人員,本類人員撰寫、測試程式，執行軟體偵錯，協助編寫使用者手冊。,否
2007001001,軟體專案主管,負責計劃、指揮及協調與電腦系統、軟體相關之專案，並管理部門日常活動。,否
2007001002,電子商務技術主管,負責計劃、指揮及協調電子商務相關的資料處理、資訊系統、系統分析、電腦程式設計等事務，並管理部門日常活動。,否
2007001003,通訊軟體工程師,發展、創造及修改一般電腦應用軟體或專業化實用程式。分析客戶需求與開發軟體解決方案，並為客戶設計或訂製運作效能最佳的軟體。,否
2007001004,軟體設計工程師,負責軟體的分析、設計、程式撰寫與維護，並進行軟體的測試與修改，以及控管軟體設計進度。,否
2007001005,韌體設計工程師,規劃及執行產品控制單元之設計、產品韌體之撰寫與量產產品韌體之維護，並進行產品韌體之測試，控管韌體設計之進度、品質與成本。,否
2007001006,Internet程式設計師,從事網路程式設計、架站，網路安全維護等工作。,否
2007001007,電腦系統分析師,進行系統分析、系統開發、以及資料庫分析等相關工作。,否
2007001008,電玩程式設計師,依電腦遊戲之規則、故事性與趣味性，從事電腦遊戲軟體之設計、修改、測試、偵錯及安裝等工作。,否
2007001009,其他資訊專業人員,從事各方面的資訊專業工作。,否
2007001010,資訊助理人員,在系統分析工程師的指導下，從事系統軟體開發、資料管理及維護等資訊相關工作。,否
2007002000,MIS／網管類人員,本類人員為組織執行內部網路設定、系統維護及資料庫建置、維護與更新，設計網路安全系統與防火牆、防範電腦病毒。,否
2007002001,MIS／網管主管,計畫、主持或協調與電子資料、資訊系統、系統分析或電腦程式設計相關之活動。,否
2007002002,資料庫管理人員,負責資料庫規劃、管理、資料備援、效能調校及安全管理等工作，以維護資料庫正常運行。,否
2007002003,MIS程式設計師,負責MIS系統的運作，同時管理與維護公司的系統架構、網路架構、防毒措施等。,否
2007002004,MES工程師,從事生產製造的流程控管，蒐集製程相關資料，負責系統及程式維護等工作。,否
2007002005,網路管理工程師,分析、設計、測試以及維護公司企業網路系統，如：區域網路（LAN）、WAN、網際網路，內部網和其他數據通信系統。,否
2007002006,系統維護／操作人員,從事資訊系統、伺服器、網路系統、電子郵件、資料庫等維護工作，並協助解決產品使用之相關技術問題。,否
2007002007,資訊設備管制人員,在資訊專業人員指導監督下，協助電腦與週邊設備之操作及管理等工作。,否
2008001000,工程研發類人員,本類人員設計產品之規格，實現並進行測試，分析結果並執行改良，協助產品量產前之導入工作。,否
2008001001,硬體工程研發主管,進行硬體的設計與開發以解決工程中複雜的應用問題、系統管理或網路事務。,否
2008001002,光電工程研發主管,負責計劃、指揮及協調有關光電、顯像、照明產品技術等領域之研究發展或設計活動，以及部門日常管理與協調溝通，或是其他專案開發研究與管理。,否
2008001003,通訊工程研發主管,計劃、指揮及協調通訊技術領域之研究發展活動，並進行部門日常管理。,否
2008001004,其他工程研發主管,在工程領域從事規劃、指導、整合或研究發展等工作。,否
2008001005,電機技師／工程師,負責廠區、建築的電器設備、管路配置以及生產機台配置的支援、控制、規劃、維修、定期保養等。,否
2008001006,機械工程師,從事機械產品、機械廠房與設備之研究、發展、設計、技術指導、構建、裝設、操作等工作。,否
2008001007,機構工程師,從事新產品機構設計、外型設計、包裝設計與模具開發，並執行機構材料選用、圖面繪製與機構模型製作測試等工作。,否
2008001008,機電技師／工程師,操作、檢測及維護自動化控制機電設備或伺服機械，並協助工程師測試和設計機器設備。,否
2008001009,電子工程師,從事電子問題之研究，電子電路之設計、研發、技術指導、操作等方面規劃，並支援團隊工作與編寫產品規格書。,否
2008001010,零件工程師,負責電子零件的選用、測試、驗證等。,否
2008001011,硬體研發工程師,研究、設計、開發及檢測商業、工業、軍事或科學用途之電腦或電腦相關設備，並負責監督該設備及其零組件之製造與安裝。,否
2008001012,PCB佈線工程師,從事印刷電路板線路佈置之設計發展、問題研究、技術指導等工作。,否
2008001013,電源工程師,負責電源類電子產品之規劃與設計。,否
2008001014,類比IC設計工程師,從事類比電子晶片之問題研究、設計發展及技術指導等工作。,否
2008001015,數位IC設計工程師,依產品的系統規格（如：速度、面積、價格）和半導體製程，從事積體電路設計、修改、測試、改良、偵錯等工作。,否
2008001016,半導體工程師,從事半導體工程之問題研究、設計及技術指導、發展、構建等工作。,否
2008001017,微機電工程師,從事微機電系統、元件或產品之問題研究、設計及技術指導、發展、構建等工作。,否
2008001018,光電工程師,研究光電元件與系統，從事設計、製作、測試、改良等工作。,否
2008001019,光學工程師,研究光電元件與系統，從事設計、製作、測試、改良等工作。,否
2008001020,電信／通訊系統工程師,從事電信、通訊系統與線路工程之規劃、設計、整合與監督，並支援團隊工作。,否
2008001021,RF通訊工程師,從事無線通訊之射頻電路研究、開發、設計等工作。,否
2008001022,IC佈局工程師,從事電子晶片佈局之研發、設計及技術指導、構建等工作。,否
2008001023,助理工程師,在工程師的指導下，將工程理論和原則應用於工業設置或製造生產的問題；研究記錄與生產、操作有關的時間、動作和速度，以建立標準生產率或增進效能。,否
2008001024,工程助理,協助工程師或研發人員完成任務及工作。,否
2008001025,其他特殊工程師,除相關軟體設計工作外，從事產品開發、工程研發、系統研發等專業研發工作。,否
2008002000,化工材料研發類人員,本類人員從事商業性化學、物理或生物轉換作業，如化學品、石油衍生物、金屬、食品、藥品、添加物、合成材料等物品製造及污染防治之研究、改良及品管設計等。,否
2008002001,化工化學工程師,應用化學、物理和工程的原理與技術，設計化學工廠的設備，並策劃汽油、合成纖維、合成橡膠、水泥等大宗化學材料的生產流程。,否
2008002002,紡織化學工程師,應用化學、物理和工程的原理與技術，以設計紡織品製造設備，並從事紡織品相關化學原料之研發與生產流程之安排。,否
2008002003,特用化學工程師,應用化學、物理和工程的原理與技術，以設計特用化學品製造設備，並策劃特用化學製品的生產流程。,否
2008002004,材料研發人員,從事材料、元件及產品的研發、實驗、分析、改善與應用工作。,否
2008002005,實驗化驗人員,從事科學試驗、檢驗、分析、化驗儀器操作等工作。,否
2008003000,生技／醫療研發類人員,本類人員可分為藥品、疫苗、基因治療三種面向，近來廣為食品及保養品所運用，主要工作內容為執行篩選、測試及調整配方。,否
2008003001,食品研發人員,研究發展食品或食材之特性、加工、保存、添加物、營養、包裝等工作。,否
2008003002,醫藥研發人員,研究製藥工程問題，發展藥物科技，從事新藥、製劑、原料藥、西藥、中藥、血清疫苗、診斷用藥、食品添加物、醫療器材、化妝品以及其他醫藥有關物品之製造。,否
2008003003,生物科技研發人員,從事動植物品種、基因等研究，藉以增進科學知識，並發展其在生物、醫學、農業等領域之實際應用。,否
2008003004,化學工程研發人員,從事商業性化學、物理或生物轉換作業（如：化學品、石油衍生物、金屬、食品、藥品、添加物、合成材料等物品之製造、研發、品管及污染防制等），並規劃與監督工廠之設計及設備之安裝、操作、維修。,否
2008003005,病理藥理研究人員,負責疾病診斷技術與藥物之研發，研究人類、動植物之結構、組成及組織化學，並發展醫藥、保健、農業、工業等方面的實際應用。,否
2008003006,農藝／畜產研究人員,從事農藝、園藝、森林、土壤等研究，以及作物繁殖、栽培、收成、病蟲害防治與有關農事作業之改良。,否
2009001000,生產管理類人員,本類人員規劃生產作業的規格、流程及可能遭遇的問題，掌握生產計畫的執行狀況。分析與評估，執行調整生產計劃或改善生產之作業並維護機械、儀器。,否
2009001001,生產管理主管,負責計劃、指揮有關產品製造的工業活動（如：監控產品生產過程與產品品質、訂定生產目標），以提高生產效能並降低生產成本。,否
2009001002,工廠主管,從事生產、製造、人員及廠務管理工作。,否
2009001003,工業工程師／生產線規劃,負責生產作業程序中人員、物料、設備之效率提升與安全管控，並建立生產線標準產能，以及控制生產計劃。,否
2009001004,生管,協調工廠內人員、原物料與機器之配置，使生產製造發揮最大效率。,否
2009002000,製程規劃類人員,本類人員組合工廠內之機器、設備、人員、物料及其他輔助設施之空間配置，規劃並分析執行工作之動作步驟，編製SOP手冊，將產品由原料接收至成品運送全部過程，獲得有效安排。,否
2009002001,生產技術／製程工程師,負責製程改善及管理，設定製程參數及機台，檢視與評估整體生產流程，以使生產功能維持正常。,否
2009002002,生產設備工程師,規劃生產設備之操作順序，解決設備問題，擬訂並執行設備之預防保養計畫。,否
2009002003,自動控制工程師,設計、開發、檢測及評估整合人為因素、品管、存貨、原料運輸、成本分析與生產協調之工業生產流程管理系統。,否
2009002004,SMT工程師,從事表面黏著技術之問題研究、技術指導及研究發展，並負責操作說明之撰寫、基礎機械之保養維修等工作。,否
2009003000,品保／品管類人員,本類人員執行原料與成品的檢驗測試、製程作業的稽核、客戶驗貨的處理，同時也負責處理客戶抱怨。,否
2009003001,品管／品保主管,負責計劃、指揮及協調有關品質系統、品質保證、品質驗證、客戶問題處理等活動及部門日常管理。,否
2009003002,品管／品保工程師,進行公司產品可靠度的測試與監控，以提昇公司產品的可靠性與降低生產成本。,否
2009003003,可靠度工程師,從事產品的可靠度實驗，找出可能的故障原因，並進行產品品質的改善工作。,否
2009003004,硬體測試工程師,負責測試機台產能規劃、測試機台維修與保養、測試應用程式撰寫與維護、產品電性分析與改善等工作。,否
2009003005,測試人員,依儀器設備與系統之使用要求，研究設計測試與校正技術，並定期或不定期從事儀器設備與系統之測試與校正之工作。,否
2009003006,IC封裝／測試工程師,從事電子晶片封裝、測試之技術發展、工程設計、平台建構、與問題解決等工作。,否
2009003007,軟韌體測試工程師,從事軟、軔體測試，包括規劃測試計畫，撰寫測試報告，尋找問題，協助改善品質等工作。,否
2009003008,EMC／電子安規工程師,從事電磁相容EMC／EMI相關測試、產品安規工程測試認證、各國安規認證申請等工作。,否
2009003009,ISO／品保人員,根據ISO規範，維護品質管理系統之運作，並負責品質管理系統之整體流程改善、進料成品之檢驗，以及製程檢驗之督導。,否
2009003010,品管／檢驗人員,使用精密測量儀器或複雜測試設備，檢查、測試、分類、抽樣及估量未加工之原料或加工過之部件與產品，以避免與規格不符。,否
2009004000,環境安全衛生類人員,環境安全類人員處理各項勞工環境安全之教育訓練活動、緊急應變措施或協助維護工廠安全相關事宜。另外，廠務相關人員則負責工廠總務、空調與水電，廠房機具修繕與維護，以及工廠生產管理等工作。,否
2009004001,勞工安全衛生管理師,從事勞工衛生、安全相關作業程序、標準及方法之規劃與執行工作。並結合工業安全衛生的原理與工程技術，分析、尋求、試驗、發展安全衛生的工作環境，減少或控制工作中潛在之危害。,否
2009004002,安全／衛生相關檢驗人員,從事安全衛生工作的督導及稽核工作。,否
2009004003,環境工程人員 / 工程師,修正、測試並操作設備以作為預防、控制或修復環境污染，包括廢棄物處理與環境矯正等各項環保作業。,否
2009004004,防火及建築檢驗人員,在消防設備及建築專業人員監督下，從事防火及建築檢驗等工作。,否
2009004005,公共衛生人員,非具備醫師資格，從事公共衛生方案研究與監督之工作。,否
2009004006,廠務,負責電儀設備、空調、水氣化工程等廠務整合事宜。,否
2009004007,廠務助理,協助處理廠務相關事宜及一般庶務，如基本水電修護、工作環境設備維護，機械類維修等。,否
2010001000,操作／技術類人員,本類人員處理原物料的裝配和檢查，並對機器設備操作及維護。,否
2010001001,領班,監督、協調生產員或操作員的生產活動，協助現場管理工作，熟悉各單位工作，並與部門和作業員進行溝通協調。,否
2010001002,作業員／包裝員,根據生產程序，從事電子設備零件組裝、機器操作、產品包裝、生產線事務運作等工作。,否
2010001003,電機工程技術員,在電機工程師指導監督下，從事電機設備之設計、發展、構建、裝設、保養、修理等技術工作。,否
2010001004,CNC機台操作人員,設定和操作機器，以進行金屬或塑膠原料的研磨、切割與製型工作。,否
2010001005,CNC電腦程式編排人員,負責設計CNC的電腦操作程式，並進行相關設定。,否
2010001006,車床人員,操作安裝調整妥當之車床，從事加工工作。,否
2010001007,銑床人員,安排及操作金工用銑床，並安裝及調整妥當，以按照既定規格從事金屬加工工作。,否
2010001008,沖壓模具技術人員,負責沖壓模具的設計、開模，以及沖壓模之保養與維護等工作。,否
2010001009,塑膠模具技術人員,裝配、操作或有助於金屬或塑膠鑄造、塑造或製作核心的機器，以塑造或鑄造產品熱塑性的部分,否
2010001010,機械加工技術人員,裝配與操作各種機械工具，以製造精密的元件、儀器、產品或維修工業用機器。,否
2010001011,塑膠射出技術人員,調整及操作機器，將加熱熔融之塑膠射入模具中，並保壓予以成型固化。,否
2010001012,印前製作／印刷技術人員,從事用手工或電動打字機或其他機器從事排版，用印刷術或電動排版從事印刷版之製作，石板石、印刷板、滾筒、平板之鐫刻，以及用絹畫印刷法，從事在紙張或其他材料上之印製，或書籍之裝訂及加工等工作。,否
2010001013,噴漆人員,用噴槍在木器、金屬等製品表面噴布各種適當塗料等工作。,否
2010001014,板金技術員,從事各類金屬板片之剪裁、造形、打孔及上釘，以製造及修理器物。,否
2010001015,PCB技術人員,根據PCB佈線工程師的指示，從事印刷電路板線路佈置工作。,否
2010001016,焊接及切割技術員,從事金屬氣體火焰及電弧焊接、切割及熔合金屬表面。,否
2010001017,紡織工務,成衣廠QC，訂單，生產，品質管制。,否
2010001018,打版人員,能依設計圖稿，以平面製圖方式，精確繪製合適且流暢的服裝版型。,否
2010001019,製鞋類人員,從事鞋類打樣、選裁、組裝、製作及修理等手工工作，以及其他皮革製品，如馬鞍、皮帶、皮箱、皮包等製作及修理工作。,否
2010001020,車縫／裁縫類人員,從事紡織品及類似材料成品之製作、更改、補綴等手工及機器縫紉工作等工作。,否
2010001021,樂器製造及調音技術員,從事各種樂器，如弦樂器、板樂器、膜樂器、管樂器、簧樂器等之選材、裁切、製作、裝配、調音、修理、配件等工作。,否
2010001022,珠寶及貴金屬技術員,從事珠寶及貴金屬飾物之製造與修飾，包括寶石之切割、鑲嵌，及金屬托座之設計、鏤刻等工作範圍。,否
2010001023,機械裝配員,主要工作包含機器的裝置、組裝、模具及維修、加油及潤滑，新機械及機器設備之檢測等。,否
2010001024,電機設備裝配員,根據精密生產程序，從事電機設備零件之組裝工作。,否
2010001025,農業及林業設備操作員,在農、林業從事一種或多種動力化機器與設備之操作及監控。,否
2010001026,推土機及有關設備操作員,從事地表、山坡、河床、海岸土壤及岩層之挖掘、推移、鏟平、壓實及地面鋪設瀝青、混凝土等機器之操作及監督。,否
2010001027,吊車／起重機及有關設備操作員,從事吊車及其他起重設備之操作及監控。,否
2010001028,手工包裝工及有關工作者,從事物料或製品之手工包裝以及有關之簡單及例行性之工作人員，如以手作方式將物料或製品裝入箱、袋、桶等內以備運輸或儲藏之工作。,否
2010001029,其他機械操作員,操作機械與機台設備，並負責設備維修、巡檢、保養、整頓、異常排除、故障檢修、建立標準等工作。,否
2010002000,維修／技術服務類人員,維修服務人員，主要從事在廠區、公司或營業地點內進行系統、設備及相關零件安裝、保養與維修。技術服務人員，主要從事在客戶服務地點，進行系統、設備及相關零件安裝、保養與維修。,否
2010002001,產品售後技術服務,負責處理客戶商品問題、客戶售後服務、銷售貨品及提供諮詢服務等工作。,否
2010002002,業務支援工程師,從事協助業務人員解決客戶產品問題、提供業務與客戶技術支援、提供客戶產品方面的技術及訓練等工作。,否
2010002003,電腦組裝／測試,從事組裝電腦、測試電腦穩定度、維修故障電腦等工作。,否
2010002004,通信測試維修人員,從事通信系統和設備的規劃、安裝與維護工作。,否
2010002005,產品維修人員,負責機械、設備或產品的安裝、架設、保養、維護及客訴問題改善等工作。,否
2010002006,空調冷凍技術人員,從事冷凍空調設備或工程的規劃、施作、安裝、維修及保養工作。,否
2010002007,汽車／機車引擎技術人員,從事車輛引擎系統、底盤系統、電路系統的故障排除及維護工作。,否
2010002008,其他汽車／機車技術維修人員,從事非引擎、烤漆、鈑金方面的汽車技術維修工作。,否
2010002009,飛機裝修工,從事飛機機件及引擎之安裝、檢查、測試、保養、換件及維修。,否
2010002010,農業及工業用機器裝修工,安裝、修理、保養各種農業與工業用機器、發動機及相關之設備。,否
2010002011,電機裝修工,利用各種工具及儀表，進行裝置、調整及修理各類電機及電器。,否
2010002012,電子設備裝修工,從事各種電子設備之裝配、調整、修理、檢查及試驗（如：無線電、電視接收機、發射機、雷達、天線、電子醫療設備、電子計算機、工業用電子設備及通信系統等）。,否
2010002013,電話及電報機裝修工,從事電報及電話設備，包括服務站及用戶機件之安裝、修理及維護等工作。,否
2010002014,電信及電力線路架設工,從事高架、地下電力及電信輸送電線及電纜之架設、維護、檢查、修理等工作。,否
2010002015,精密儀器製造工及修理工,從事鐘錶、光學設備、醫療器材等精密儀器之製造、裝配及修理。,否
2010002016,FAE工程師,提供客戶產品技術方面與產品導入客戶端的支援，以確保產品能依照進度量產。,否
2011001000,採購／資材／倉管類人員,本類人員執行商品之採購，以及建立商品採購相關表單。,否
2011001001,採購主管,規劃及執行採購部門經營計畫和策略，以及負責採購部門績效達成。,否
2011001002,資材主管,負責供應鏈上中下游的採購與管理。,否
2011001003,採購人員,執行採購作業流程與供應商管理，以達到低成本高品質的採購目標。,否
2011001004,倉管,負責倉庫之收發材料、出貨及帳務處理、貨品盤點、倉庫清潔維持，倉庫紀錄保存等工作。,否
2011001005,物管／資材,指揮與協調組織中的資材運作、負責生產的循環系統工作，包括資源的取得、分配、發送以及最終處理等事宜。,否
2011001006,採購助理,進貨、入庫、協助採購事宜並電腦系統作業。,否
2011002000,運輸物流類人員,本類人員執行倉庫成品出貨前後之整理、分類及運輸配送工作。,否
2011002001,運輸物流類主管,負責管理運輸行業之營運活動及日常管理。,否
2011002002,運輸交通專業人員,從事交通運輸、物流配送等工作。,否
2011002003,外務／快遞／送貨,進行貨物之盤點、打包、配送、裝卸，及貨款回收、客戶維護等工作。,否
2011002004,鐵路車輛駕駛員,從事載客或載貨之有軌鐵路駕駛，並進行零件檢查與初級維修等工作。,否
2011002005,小客車／計程車及小貨車司機,駕駛小客車或小貨車接送客人或運送貨品。,否
2011002006,大貨車及其他類司機,駕駛大貨車、重型車輛及其他車輛，進行載運貨品、原料或乘客之工作。,否
2011002007,飛行機師,駕駛運輸旅客，郵件、或貨物之航空器。,否
2011002008,飛安人員,從事有關航道控制和領航系統之設計、裝置、操作、及維修等工作。,否
2012001000,營建規劃類人員,本類人員負責營建、土木工程、交通運輸系統之規劃、設計及管理工作。,否
2012001001,營建主管,完成結構設施之建構或維護的相關活動，參與營建計劃的概念性發展，並監督其組織、時程和實施。,否
2012001002,建築師,策劃、設計、統籌及監督建造工作，以完成滿足社會需要之建築。,否
2012001003,都市／交通規劃人員,從事建築物設計及營造監督，都市發展計畫，公園、道路、風景區、工商業區計畫及交通系統之規劃、監督等工作。,否
2012001004,土木技師／土木工程師,規劃、設計和監督各類土木工程（如：橋、壩、船塢、港灣、海岸、海洋、道路、飛機場、鐵道、廢物處理系統、防洪系統），以及工業與其他大型建築之施工、保養和修繕工作。,否
2012001005,結構技師／結構工程師,規劃、設計土木及建築工程之結構，並計畫及監督工程之建造、維護及修繕等工作。,否
2012001006,水利工程師,規劃、設計水利工程（如：水力發電、堰壩供水、防洪灌溉、排水內陸水道），並負責監督工程之建造、維護及修繕。,否
2012001007,工程配管繪圖,提供準備工程圖與各類土木工程（如：高速公路、橋梁、管線、防洪工程或汙水控制系統）所需之立體圖，以利工程進行。,否
2012001008,水保技師／水保工程師,從事水土保持相關工程，如排水規劃設計、集水區經營規劃、土石流災害防治等工作。,否
2012001009,內業工程師,負責工程標單估算、估驗計價、施工圖繪製、施工規劃及進度排程掌控、竣工報告、檔案管理等內業工作。,否
2012001010,工務人員／助理,負責工程現場的工程事項協調與行政管理。,否
2012002000,營建施作類人員,本類人員依設計藍圖建造、維修建築物、土木結構之地基、牆、道路、水壩、工場設施等工程工作。,否
2012002001,營造工程師,從事工程品管監造、現場進度及勞工安全衛生等工程管理工作。,否
2012002002,工地監工／主任,參與建造計劃的構想，協助工程預算之編列，排訂施工進程，指揮與監督各項工程相關事宜。,否
2012002003,建築物電力系統維修工,安裝或維護電線、電纜以及電力配送系統。,否
2012002004,砌磚工及砌石工,從事牆壁、隔間、地基、壁爐、煙囪、鍋灶等磚石結構之吊線、砌積，平臺、步道、邊石及人行石道等之鋪設，以及其他土木結構之構建及修繕等工作。,否
2012002005,混凝土工,從事鋼筋混凝土結構之構建及修繕，水泥製成材料之場鑄、安裝、組合及銜接，鋼筋混凝土中鋼筋之綁紮處理，以及加敷磨石子面。,否
2012002006,木工,從事建築工地及場所有關木質物之建造及修理，建築物木質重型結構之構建及裝置。,否
2012002007,泥水工,使用石灰或水泥砂漿塗鏝於房屋內壁及天花板外牆，以完成表面修飾工作。,否
2012002008,油漆工,從事建築物表面及其裝設物之油漆塗刷，建築物內壁、天花板之壁紙裱貼。,否
2012002009,建築物清潔工,從事建築物表面之清潔，煙囪、排煙道及連接管煙灰之清除，及用化學方法、噴砂或以蒸氣設備清潔石頭、磚石、金屬或其他類似材料之表面等工作。,否
2012002010,金屬建材架構人員,從事大型建築物如大廈、道路、橋樑、港埠、堰壩及船舶等所用金屬樑、柱類之劃記、鑽孔、組合、成型、豎立、架構，以及鉚釘連接、基樁安設等工作。,否
2012002011,泥水小工及有關工作者,從事道路、水壩及建築物之營建及維護之簡單及例行工作之工作人員，其工作範圍如泥水小工、挖溝、路面維護等體力工。,否
2012002012,其他營建構造工及有關工作者,凡不屬砌磚工、混凝土工、或營建木工細類之其他營建工作者。,否
2012003000,製圖／測量類人員,本類人員從事技術說明圖與地圖之繪製，印版之描繪與著色，並依據測量及其他相關資料繪製地圖及圖表，或從事室內設計和景觀設計等工作。,否
2012003001,CAD／CAM工程師,從事電腦輔助繪圖，或電腦輔助製造等規劃、設計之工作。,否
2012003002,建築設計／繪圖人員,從事建築物或營建工程之繪圖或設計規劃工作。,否
2012003003,水電及其他工程繪圖人員,從事水電設備或其他工程之繪圖、設計工作。,否
2012003004,機械設計／繪圖人員,從事機械設備或機械工程之繪圖、設計工作。,否
2012003005,量測／儀校人員,接受測量師、土木工程師或建築師之指導，從事各種測量實務及協助編製測量報告等工作。,否
2012003006,室內設計／裝潢人員,配合業主需求與預算範圍，規劃出兼顧空間機能、施工品質、實用美觀的室內空間設計，並負責施工相關事宜。,否
2012003007,景觀設計師,規劃及設計住宅、商業、工業及公共設施等地區之景觀工作。,否
2013001000,設計類人員,本類人員主要從事商業或工業產品、花會擺設、流行服飾、室內裝潢、宣傳廣告、舞台布景、櫥窗、表演及展示場設計，亦包括電腦軟體或美術工具設計工作。,否
2013001001,多媒體開發主管,負責計劃、指揮及協調有關多媒體開發、網頁設計、美工設計等部門的活動及日常管理。,否
2013001002,廣告設計,在可能運用的宣傳媒體狀況下，進行構思及規劃以達成推銷某種業務商品或意念之目的等工作。,否
2013001003,展場／櫥窗佈置人員,負責門市的形象佈置、產品之陳列、補貨、調查、追蹤、與賣場的客戶感受維繫。,否
2013001004,多媒體動畫設計師,藉由電腦或其他數位、電子工具來整合處理文字、圖片、聲音、影像等元素，完成特效、動畫、圖像或其他形式之視聽影像製作，以用於產品或創作中（如：電動遊戲、電影、音樂錄影帶或商業廣告等）。,否
2013001005,平面設計／美編人員,從事平面媒體（如：海報、雜誌、報紙、包裝、廣告看板等）設計、繪圖、美術編輯等工作。,否
2013001006,網頁設計師,設計公司形象之視覺規範、視覺設計，以及網站視覺規劃與網頁製作等事務。,否
2013001007,美術設計,從事各種美術相關的產品、物品之概念設計與繪圖工作。,否
2013001008,商業設計,從事商業宣傳、產品包裝、展示場、廣告文宣等設計工作，以強化商品的視覺形象。,否
2013001009,服裝／皮包／鞋類設計,依據流行及市場需求設計服裝之工作。,否
2013001010,工業設計,在兼顧生產者與使用者對產品外觀、造形、色彩、結構、功能及安全性等方面要求條件下，從事大量生產產品之設計及開發。,否
2013001011,包裝設計,綜合產品之造型、機能、視覺、美覺、圖案、色彩、材料特性、加工技術、攝影技巧、印刷技術及消費者心理，設計與包裝產品，使得產品符合消費市場需求之包裝等工作。,否
2013001012,電腦繪圖人員,依據設計人員的指示，以電腦從事各式美工繪圖、商業設計繪圖、其他繪圖等工作。,否
2013001013,設計助理,協助設計師完成所有設計、工程等相關事宜。,否
2013002000,傳播藝術類人員,本類人員從事歌曲編作演唱，舞蹈創作演出，電視、電影戲劇演出之相關工作。,否
2013002001,節目製作人員,執行與節目相關之各項錄影及行政業務。,否
2013002002,演員,凡從事各種舞臺劇、電影、電視、廣播劇等演出之人員。,否
2013002003,導演／導播,解釋劇情，指導排演及電影之攝製人員。節目實際執行工作之領導者，具有一定之戲劇、電影、廣播、音樂、舞蹈等素養和常識，並具備組織能力及指揮才能，是電視節目錄製的總指揮人員。,否
2013002004,模特兒,在時裝展示場地或其他場所穿著時裝並作儀態表演，展示時裝之款式及特色，以利推銷。,否
2013002005,音樂家／作曲／歌唱及演奏家,作曲、編譜，樂器之獨奏或協奏，音樂指揮，及歌曲獨唱或合唱之人員。,否
2013002006,舞蹈指導與舞蹈家,從事舞蹈之創作、指揮、或演出之人員。,否
2013002007,藝術指導 ／藝術總監,品牌識別，廣告創意，平面設計，影像處理。,否
2013002008,電台工作人員,從事電台廣播節目主持或製作之工作。,否
2013002009,播音／配音人員,透過廣播及電視報告新聞及其他報導，或為節目中的角色提供聲音的配置。,否
2013002010,影片製作技術人員,負責製作好節目的剪輯，製作節目帶、CF帶等。,否
2013002011,燈光／音響師,依據舞台監督的行動指令，熟練、順利並安全地操作燈光、音響器材、將燈光設計者、音效(樂)設計者的創作，精確地執行。,否
2013002012,攝影師,從事人像、物像之攝影，電視及電台錄音、錄影設備之操作等工作。,否
2013002013,其他娛樂事業人員,凡在街頭、夜總會、馬戲團及相關娛樂場所，表演傳統戲曲、通俗音樂、及舞蹈等人員。,否
2013002014,節目助理,協助推動整個節目的錄製及製作。,否
2013002015,攝影助理,負責協助攝影師拍攝，學習攝影技能等相關事務。,否
2014001000,文字編譯類人員,本類人員從事各式文章的撰寫、編輯與翻譯工作。,否
2014001001,技術文件／說明書編譯,從事技術性文件（如：設備使用手冊、操作與維修指導說明）的撰寫與翻譯工作。,否
2014001002,英文翻譯／口譯人員,將一種語言或文字的內容轉寫成為另一種文字之工作。,否
2014001003,日文翻譯／口譯人員,精通二種以上之語言，以所討論主題之術語進行口頭翻譯之工作。,否
2014001004,其他翻譯／口譯人員,有良好的語言組織能力以進行技術文件翻譯與現場口譯。,否
2014001005,文編／校對／文字工作者,從事新聞紙、雜誌、圖書、冊籍等稿件及素材之選用、審核、刪改、編排、標題、排印、監督等工作之人員均屬之。,否
2014001006,排版人員,從事手工檢字拼排，及小型機器排版，或操控電腦排版機具，以鍵入文字及安插排版指令，製作符合文稿內容與版式規格要求之工作。,否
2014002000,記者及採訪類人員,本類人員從事新聞之採訪、撰寫新聞稿及發佈，以供電視媒體與報章雜誌報導。,否
2014002001,記者／採編,從事新聞之採訪、蒐集、攝影、錄影、錄音、記錄，以供新聞媒體，例如：報紙、雜誌、廣播或電視臺報導之工作。,否
2014002002,其他傳媒相關工作,負責企劃執行及其相關事務的協調溝通等工作。,否
2015001000,醫療專業類人員,本類人員於各級醫療院所，從事醫療診斷、救護及其他醫療服務工作。,否
2015001001,醫師,具有醫師執照資格，從事各專科醫學疾病診斷及治療，或專事特殊醫療作業外科手術，或從事各種精密手術之麻醉或專事社區醫療保健等複雜檢查等，並包含法醫之工作。,否
2015002000,醫療／保健服務人員,本類人員之工作環境為醫院或看護機構居多，從事各項照料病人、老人或幼兒起居或醫療輔助等工作。,否
2015002001,醫院行政管理人員,大專以上醫院管理或衛生行政等相關科系畢業，完成醫院行政管理師專業訓練，從事醫院行政管理工作人員屬之。,否
2015002002,照顧服務員,協助個案家務、餐飲服務、代購物品、協助進食、陪同散步、翻身拍背、協助沐浴等不涉及護理行為之服務。,否
2015002004,按摩／推拿師,經由藥草、醫用藥草、其他傳統醫術或器具，從事病患身體及病痛之治療或復健等工作。,否
2015002005,診所助理,1.具有護士資格，應用護理知識及技能，從事護理服務、協助實習指導、研究發展、管理及輔導工作，以達到減輕病人痛苦、恢復健康、預防疾病、增進健康、提高人類健康至最高標準之目的之工作人員。2.凡在醫學專業人員指導監督下，從事醫學、口腔、藥理及動物疾病之預防與治療；衛生及衛生狀況之顧問；營養方法及食物療法之發展及應用；醫院之管理；眼睛之驗光及眼鏡之配置；骨科、神經及肌肉失調之治療；醫事工作檢驗；語言及其他障礙之醫療等技術工作之人員。,否
2015002006,牙醫助理,在牙醫師指導監督下，協助牙醫師從事牙齒口腔疾病之預防、診斷、治療或牙醫器材設備及材料之準備等工作者。,否
2015002007,放射性設備使用技術員,通過行政院原子能委員會認證考試及檢定合格，並在放射性設備使用專業工程師監督指導下，能操作含放射性元素設備之專業技術人員。,否
2015002008,醫療設備控制人員,從事醫療技術性設備之管理，接受醫師指示從事X射線、紫外線、雷射、放射性同位素，腦波、心電圖、聽力等之照射、注入、服務，藉以照相、檢偵，發覺病灶，提供醫師參考進行治療之工作。,否
2016001000,學術研究類人員,本類人員蒐集有關國內外學術研究及發展狀況資料，研究專業領域中未知部份，評估研究方針、成果及未來發展，並策劃、聯繫國內外學術合作。,否
2016001001,物理相關研究員,從事物理學領域之研究，包含粒子物理、高能物理、核物理、凝態物理、天文物理、統計物理等。,否
2016001002,天文相關研究員,進行涵蓋太陽系至宇宙學等各天文學重要領域之研究，包含觀測技術提昇、資料處理、理論分析及電腦模擬等。,否
2016001003,氣象相關研究員,從事地球大氣層的理化性質及其動態變化之研究，藉以增進科學知識與發展天氣預報等實際應用之研究。,否
2016001004,化學相關研究員,從事有機、無機、理論、分析等化學研究。,否
2016001005,地質與地球科學研究員,從事地球物理及地殼年代性質之研究。,否
2016001006,數學研究員,從事以開拓數學知識為目的之基礎數學、數學技術改善，及數學原理與方法應用等研究。,否
2016001007,統計學研究員,從事統計研究與調查工作，藉以創新、改進統計方法，或提供調查結果與建議。,否
2016001008,社會／人類學研究人員,從事社會現象研究，及人類行為之起源、進化、發展、生活方式，與社會關係為課題之工作。,否
2016001009,哲學／歷史／政治相關研究人員,根據哲學思想、史實、抽象學、倫理學等，從事社會發展、經濟結構、文化及政治規範之研究，並將其應用在政冶、外交或其他有關政策等工作。,否
2016001010,心理學研究人員,從事人類行為與心理歷程之相關研究。,否
2016001011,生物學專業與研究,從事各種生命現象研究，藉以增進科學知識，及發展醫藥與農業等領域之學術或實際應用。,否
2016001012,應用科學研究員,從事應用科學領域的研究工作。,否
2016001013,研究助理,協助研究計畫的進行，並處理相關行政工作。,否
2016001014,其他研究人員,未歸類之其他社會學、人類學、哲學、歷史學及政治學之研究人員。,否
2016002000,教育輔導類人員,本類人員可區分為校園體系(具教師證照)及一般補教體系，主要工作內容為擬定課程計畫，並執行傳遞知識及關心學生。,否
2016002001,補習班導師／管理人員,協助講師課程教學，並負責文書、管理等行政工作。,否
2016002002,教授／副教授／助理教授,具有大專院校教授、副教授、助理教授、講師、技術教師之身分，從事大專院校教學、研究與推廣之工作。,否
2016002003,助教,1.未歸類之其他教學及有關助理專業人員。2.在大專院校及中小學內，協助教師教學工作的職務。,否
2016002004,中等學校教師,具有中等學校教師身分，擔任各國民中學、普通中學、職業學校教師之人員。,否
2016002005,國小學校教師,具有小學教師身分，在各小學擔任教師之人員。,否
2016002006,特殊教育教師,在公私立特殊教育學校(班)、特殊幼稚園(班)等各特殊教育階段，從事對各種身心障礙者(包括智能不足、視覺障礙、聽覺障礙、語言障礙、肢體障礙身體病弱、性格異常、行為異常、學習障礙、多重障礙、其他顯著障礙)之教育，其擔任授課(技)之內容分為普通學科，特殊教育專業學科及技藝訓練學科等之教師。,否
2016002007,幼教班老師,於幼教之教學場所，從事幼童之教學與相關行政工作。,否
2016002008,安親班老師,於安親之教學場所，從事幼兒照顧及教養工作。,否
2016002009,升學補習班老師,從事教授、輔導學生專業課程，編寫講義、教材及考卷等工作。,否
2016002010,電腦補習班老師,負責教導學員電腦相關知識與技能，評鑑其學習成果，並解決學員的疑惑。,否
2016002011,語文補習班老師,從事提升學員語言能力以及複習學校課程之教學補習工作。,否
2016002012,珠心算老師,擔任學校或機構珠心算課程之教學工作。,否
2016002013,美術老師,擔任學校或機構美術課程之教學工作。,否
2016002014,音樂老師,擔任學校或機構音樂課程之教學工作。,否
2016002015,其他補習班老師,擔任文理及職業補習班學生之學習指導及有關教學活動。,否
2016002016,其他才藝類老師,從事教案設計及執行教學相關活動。,否
2016002017,其他類講師,講授專業課程並提供相關服務。,否
2016002018,社工人員,1.運用社會工作專業知識，在各級行政機構及公私立社會福利機構內從事規劃與管理工作人員。2.從事社區大眾社會服務提供及輔導諮詢之人員，其工作屬下列任務範圍者。,否
2016002019,運動教練,訓練或指導運動員，藉此發展其運動知識、運動能力及運動技術。,否
2016002020,教保員,擔任幼稚員的幼童保育及設計、安排適合幼兒身心發展之各種學習活動之人員。,否
2017001000,軍警消防類人員,本類人員從事國家防護，治安維繫以及災害救助等工作。,否
2017001001,志願役軍官／士官／士兵,中華民國國軍各級軍事機關、部隊、學校、訓練機構、廠庫、醫院等所屬之現役軍官、士官、士兵、學員、學生。,否
2017001002,消防專業人員,每日工作開始時，須先至勤務辦公室瞭解當天主管交辦事項並配合辦理，然後檢視個人責任範圍之設備、車輛能維持正常堪用。經常保持待命或處理突發事件。,否
2017001003,消防員,1.預防火災，搶救災害及緊急救護；以維護公共安全與確保民眾生命及財產。2.每日工作開始時，須先至勤務辦公室瞭解當天主管交辦事項並配合辦理，然後檢視個人責任範圍之設備、車輛是否正常堪用，並於勤務辦公室待命配合各種突發的任務。,否
2017001004,救生員,受過水上救生訓練，並經測驗合格之人員，以本身的救生技能或利用救生器材之輔助，救援水上活動遇險。,否
2017002000,保全類人員,本類人員工作內容為維護駐守地點之安全。,否
2017002001,保全人員／警衛,從事巡邏、守衛，以及安全維護等工作。,否
2017002002,保全技術人員,受保全業雇用從事機動性的保全服務，如人身安全的維護，貴重物品的運送、監視、偵測及機動巡邏等工作之保全人員。,否
2017002003,大樓管理員,受僱於公寓或大廈所有人或經理機構負責公寓或大廈之管理工作。,否
2017002005,總幹事,派駐社區大樓執行管理工作，負責範圍：行政、財務、安全、設備維護、清潔環境維護等。,否
2018001000,農林漁牧相關類人員,本類人員從事農藝及園藝之播種、栽培和收穫，動物之飼養、育種，林木之種植、培育及採伐，魚類及其他水產動植物之養殖、採集及捕撈等工作。,否
2018001001,農藝作物栽培工作者,從事各種食用作物(如稻、大豆、小麥、花生、玉米、甘藷及其他雜糧作物；茶、甘蔗、菸草及其他特用作物)、林用作物、藥用作物、飼料作物、植物保護等之播種、栽培及採收等工作。,否
2018001002,一般動物飼育工作者,家畜、乳畜或家禽之繁殖、飼養及照料或生產蜂、蠶或其他昆蟲之產品及其有關工作。,否
2018001003,林木伐運工作者,從事林木砍伐、造材、集材、運材、貯木等工作。,否
2018001004,水產養殖工作者,從事水產動植物，如魚類、貝類、甲殼類、藻類及其他水產動植物之繁殖、飼養及採捕等工作。,否
2018002000,其他類人員,本類人員由於工作內容差異過大，無法以某類共通性命名，含括下述各種人員及任務，但不僅限於此。,否
2018002001,顧問人員,受企業之委託，接受諮詢或為企業做診斷，做經營分析，提供改善方案，在方案實行中，對企業所屬員工施行教育、援助、指導。,否
2018002002,志工人員,基於熱心公益而利用家庭、工作以外的空閒時間貢獻（義工）一己之力服務社會，從事志願服務工作。,否
2018002003,生命禮儀師,規劃設計並執行整體喪禮儀式與程序使順利完成。,否
2018002004,星象占卜人員,根據星座出現的時間與位置、紙牌的排列順序、個人的面部或手部的跡象等等方式，預測個人或社會的未來，以期趨吉避凶等工作人員。,否
2018002005,公家機關相關人員,1.接受人民委託，管理公共事務的人員。2.依法於受有俸給之文武職公務員，及其他公營事業機關服務人員。,否
2018002006,藝術品／珠寶鑑價／拍賣顧問,從事鑑定及評估不動產、工業設備、個人或家庭所有物、藝術品、珠寶及其他財物之現況、真偽及損失補償額，或從事代客公開拍賣貨品等工作。,否
2018002007,家庭代工,完成商品的組裝與製作。,否
2018002008,花藝／園藝人員,1.從事園藝作物生長技術改良及庭園美化之工作人員。2.在園藝學家或園藝技師指導下，從事園藝作物生產及改良之實驗、檢驗及分析等技術工作。3.從事果林、蔬菜、觀賞植物及菇類栽培，如各種水果、蔬菜、觀賞植物及菇類之播種、種植、栽培、採收等之工作及景觀設計、花藝設計之工作。,否
2018002009,生鮮人員,負責未歸類之其他屠宰及肉品處理工作。,否
2018002010,加油員,在加油站裡，以親切熱誠的態度替駕駛汽車、機車、其他機動車輛之顧客加滿汽油、柴油。,否
2018002011,派報生／傳單派送,按日將當天報紙派送給訂戶等工作。,否
2018002012,清潔工／資源回收人員,維護工作區整潔與資源回收處理。,否
2001001001,經營管理主管,研擬公司營運計劃及年度專案規劃，以及規劃公司各項管理制度與策劃可能的投資機會，以維持公司內在優勢與外在機會。,否
2001002000,人力資源類人員,本類人員處理組織內部人事薪資、出缺勤、勞健保等行政作業，較大型的組織機構亦有專屬規劃教育訓練及員工關係等人員。,否
2001002003,教育訓練人員,規劃與執行員工訓練與發展制度，並評估訓練發展之成效，以提升公司整體競爭力。,否
2002000000,行政／總務／法務類,從事一般行政事務、後勤支援等工作,否
2002001001,行政主管,在企業或組織內負責財務行政相關功能之規劃、指導及協調工作以及日常運作。,否
2002001002,總務主管,企業或組織內部總務工作之規劃、組織、協調、指導、管制及考核等活動之管理。,否
2002001004,總務人員,支援公司其他部門需求及提供相關業務之服務，並管理及維護公司資源作業，以使同仁有滿意之行政服務。,否
2002001005,秘書,在公民營企業機構內，從事協助高階主管處理資訊及文書類的工作（如：企業內外的聯繫、接待外賓、安排會議），或是訓練、監督低階行政類職員的工作。,否
2002001006,資料輸入人員,於公民營事業機構中，從事文件資料的審核、輸入、建檔工作。,否
2002001007,文件管理師,負責企業或組織各項文件檔案之點收、分類、登記、保管、檢調及清理。,否
2002001008,圖書資料管理人員,負責並管理圖書及資料之建檔和維護以及提供相關服務。,否
2002001009,總機人員,負責轉接外來電話、問題諮詢、處理電話留言，以及一般庶務行政工作。,否
2002001010,櫃檯接待人員,從事電話接聽、櫃檯接待、問題諮詢、客戶聯絡及公司業務洽詢等工作。,否
2002001011,工讀生,以學生之身份在公民營企業工作，執行雇主或主管交辦之任務。,否
2002001012,行政助理,於公民營事業機構，協助各部門主管或專業人員處理一般行政業務。,否
2002002004,法務人員,協助企業或組織草擬、審查並處理相關法律文件、法律事件、保險簽約及其他財務交易事項。,否
2003001000,財務／會計／稅務類,本類人員處理公司內外部財務相關事務，或執行組織內部會計帳冊。,否
2003002002,金融研究員,在銀行、證券公司、保險公司、投信公司等機構，從事資料蒐集、分析、撰寫研究報告之工作，同時須隨時注意大環境中可能影響企業獲利的各項經濟因素，以提供公司或其客戶進行投資決策時的參考。,否
2005002005,售票／收銀人員,於商店或售票處等場所從事直接收受客戶購物或接受服務之付款並回找零錢、填發收據或自來水費、電費、燃氣費、保險費、報費以及停車場、售票處(亭)、高速公路收費站、娛樂場所、展覽場所等收費或售票工作人員均屬之。操作收銀機之收銀員亦包括在內。,否
2006003009,美髮類助理,協助設計師為顧客修整頭髮、儀容及顧客接待等服務工作，並維持環境整潔。,否
2015001003,醫事檢驗師,非醫師但具醫事檢驗師資格，從事醫事檢驗工作，如血液、體液、排泄或分泌物之病毒細菌、寄生蟲、生物化學、血清學、微生物學檢查或形態顯微鏡檢查，綜合學理擬具報告以供醫師診斷參考之工作人員。,否
2015002012,居家服務督導員,協助媒合照顧服務員提供服務、與案主及家屬討論服務內容與時間。提供持續進行訪視以追蹤服務情形、監督服務品質、評估修正服務計畫等，並負責照服員的招訓管用等人力資源管理工作。,否
2001001003,主管特別助理,在公民營企業機構內，提供各項專業分析與辦法，協助高階主管進行決策，推動各項專案，並成為各單位溝通之橋樑。,否
2001002004,人力／外勞仲介,為雇主、企業或政府機關找尋工作人員，或為求職者找尋工作機會。,否
2002002006,其他法律專業人員,律師、法官、大法官、檢察官、公設辯護人以外之其他法律工作人員及其他司法工作人員屬之。,否
2003002003,金融交易員,負責處理以非現金支付方式清理債權債務關係之金融從業人員。,否
2004000000,行銷／企劃／專案管理類,,否
2005002001,店長／賣場管理人員,直接監督在零售商店或部門內的銷售人員，職責可以包括管理功能，例如採購、預算編製、會計及人事工作，此外還有監督的職責。,否
2005002002,連鎖店管理人員,負責連鎖系列直營店或分店內督導及協調所屬人員之日常工作及營運。,否
2005002003,加盟／經銷商／代理商-創業,透過總部的指導經營相同品牌連鎖店的店舖經營者，或是自製造商進貨從事銷售某項品牌之產品的販賣者，或在指定地區內，以抽取佣金方式，為國內外廠商向批發或零售商推銷商品等工作人員，或創建一個屬於自己的事業。,是
2015001005,藥師,具有藥師資格，從事藥學研究，如藥物合成試驗、檢定、生產監督，以及成藥或醫師處方之方劑製配及有關工作人員。,否
2015002011,照顧指導員,能依據受照顧者及其家庭狀態進行照顧計畫評估，除獨立完成直接服務工作外，亦能進行家庭照顧者、外籍看護工指導工作。,否
2017002004,其他保安服務工作,巡邏各建築、社區、海灘、游泳池等，以防衛非法侵入、竊盜、火災、暴力及其他不法行為，盡力防範上述情事及逮捕罪犯等工作人員。,否
2001002002,人力資源人員,負責招募與甄選、訓練與發展、薪酬福利、員工關係、績效評估等工作。,否
2002002007,工商登記服務人員,進行公司營業登記辦理及相關事宜。,否
2003002004,金融承銷員,在證券經紀商從事代客買賣公債，公司發行之股票公司債等有價證券，並抽取佣金之工作。,否
2005000000,客服／門市／業務／貿易類,,否
2015001006,營養師,具有營養師資格，從事個人或團體膳食營養調配之規劃與監督，保健方案中營養要素之評估與督理，及公共營養問題有關影響因子之探討等工作人員。,否
2001002005,人力資源助理,協助人力資源部門內相關人事管理與人力資源行政工作以及部門主管所交辦事宜。,否
2002002008,法務助理,執行合約流程及資料庫與商標資料庫之維護及管理作業，以確保資料之完整性、正確性與即時性，並確保所有作業流程符合制定之標準程序。,否
2003002005,金融營業員,接受客戶委託，交易股票、期貨及選擇權等相關金融商品。,否
2004002005,遊戲企劃人員,從事電腦遊戲之設計、開發；以及市場與產品之趨勢調查。,否
2004003005,產品管理師,負責產品規劃管理，跨部門協調，並與客戶協調聯絡。,否
2006000000,餐飲／旅遊 ／美容美髮類,,否
2009001005,生管助理,協助生產管理，處理文書歸檔、料帳管理等事項，以及聯繫內外相關生產作業事務。,否
2009002005,半導體製程工程師,從事半導體製程實驗分析、測試等工作，以改善工廠製程穩定與效率，並且提升產品良率。,否
2015001008,公共衛生醫師,醫學院校畢業，曾經考試機關考試及格，取得公共衛生醫師資格，從事公共衛生業務之人員。,否
2002002002,律師,具律師資格，受當事人之委託或依法令之規定執行律師職務或處理法律事務。,否
2003002006,金融理財專員,協助和代理客戶買賣、證券、公司發行之股票及處理外匯交易等工作。,否
2007000000,資訊軟體系統類,,否
2009002006,LCD製程工程師,研究設計薄膜電晶體、液晶顯示器製程、製作技術，並維持生產線製程順利運作，確保製程處於最經濟而有效率的狀態。,否
2015001010,麻醉醫師,領有醫師證書，完成完整之麻醉科專科醫師訓練，或取得麻醉科專科醫師資格，專事對病患施行局部或全身麻醉法，以利無痛手術、生產或解除病患痛覺之人員。,否
2015002010,安心服務員,協助老年人士或是行動不便者在居家之外的公共區域能夠安心活動,否
2002002005,商標／專利人員,協助準備專利申請書或有關文件，代理專利申請工作。負責企業或組織內部智慧財產權管理作業之規劃、組織、協調、指導、管制及考核等活動。,否
2003002007,銀行辦事員,在銀行、郵局或金融機構內，從事活存、定存、支存、外匯、現金收付及金融商品推廣等服務工作。,否
2008003007,醫療器材研發工程師,照護及醫療器材的研究開發、設計及測試，專利申請作業。,否
2009002007,半導體設備工程師,研究設計積體電路製程、半導體製作技術，並規劃此等設備之應用發展，提升設備稼動率。,否
2010000000,操作／技術／維修類,具有專門知識的技術員或操作員，在作業現場進行儀器操作或產品組裝、維修服務等工作。,否
2015001012,復建技術師,從事復健醫療方法之工作。領有醫師證書，完成完整之復健科專科醫師訓練，取得復健科專科醫師資格，專事因骨骼、肌肉、神經或心肺脈管系統急性或慢性疾病所致各種生理殘障之復健醫療工作。,否
2002002003,代書／地政士,負責不動產各項產權登記、測量業務、有關繼承、贈與及遺產稅事項。,否
2003002008,統計精算人員,從事準備金分析、公司價值分析、資產負債分析、風險管理、再保險作業、與商品定價及送審等工作。,否
2007002008,網路安全分析師,依據網際網路資訊系統之特性與需要，設計網路安全系統與防火牆、防範電腦病毒、偵錯、測試及安裝等工作。,否
2009002008,LCD設備工程師,研究設計薄膜電晶體、液晶顯示器製程、製作技術，並規劃此等設備之應用發展，提升設備稼動率。,否
2009004008,勞工安全衛生管理人員,於企業或組織內部，規劃推行勞工安全衛生作業，並進行相關查核督導工作之人員。,否
2011000000,資材／物流／運輸類,,否
2015001013,治療師,完成物理治療師專業訓練，依據醫師診斷，藉用物理因子，指導及實施各種疾病損傷所致功能障礙之物理治療，以減除疼痛，增進或保持身體機能之工作。或完成職能治療師專業訓練，分析及利用職能、產業、娛樂等活動特性，應用於生理或心理功能障礙病患之評估與治療，藉以促進及恢復其身心功能，培養適應技巧，激發潛能，並且維護健康之工作。,否
2003002009,不動產產權審核／估價師,執行鑑定不動產、工業設備、個人或家庭所有物、藝術品、珠寶．及其他財物之現況及真偽，並估算其價值等工作。,否
2006001009,食品衛生管理師,本類人員從事食品從原料來源、生產、收穫後處理、加工、製造、流通、運輸、銷售、 直至消費者口中，每個階段的安全管理。,否
2011002009,倉儲物流人員,倉儲作業執行、負責商品上下架.盤點.補貨.寄貨.出貨.等物流管理作業。,否
2012000000,營建／製圖類,,否
2015001016,醫事放射師,領有放射師證書，完成完整之醫事放射師訓練，並具備醫學影像核子醫學及放射治療等相關知識，獨立操作放射相關醫學儀器，從事各種醫學影像之擷取、檢查及治療。,否
2003002010,保險業務／經紀人,銷售保險、為顧客規劃保險計劃、處理顧客提出的賠償問題與要求、問題諮詢服務等。,否
2006001010,洗碗人員,於餐飲業及相關單位，從事洗碗及有關廚務工作之人員。,否
2011002010,船長／大副／船員,船長負責、指示、命令及監督船舶之一切活動。大副秉承船長之命，負全船行政責任，督率駕駛部、事務部各級船員執行工作。,否
2013000000,傳播藝術／設計類,,否
2015001002,牙醫師,具有牙醫師資格，應用醫學知識，從事牙齒或口腔疾病之預防、診斷及治療方面工作之人員。,否
2003002011,融資／信用業務人員,負責金融授信客戶之開拓、維護與信用評估及風險控管。,否
2006001011,日式廚師,進行日式餐點的烹調、料理及菜餚色香味之品質掌控。,否
2007001011,BIOS工程師,從事主機板BIOS撰寫及修改工作。,否
2012001011,水電工程師,負責水電工程施工整體計畫，如繪製工程藍圖、施工材料審核、機械工程等技術問題解決，並協調及監控整體品質與進度。,否
2014000000,文字／傳媒工作類,,否
2015001004,護理師及護士,從事專業護理服務工作，照顧病人。,否
2015002009,其他醫療從業人員,在醫療機構協助病患進行各種檢查流程或看診應辦事項。,否
2003002012,催收人員,透過電話或信件通知客戶付款及前往收款或安排遲付或無法收到時，委託法律行動及收受慈善捐款等工作。,否
2007001012,演算法開發工程師,從事有關演算法之研究、發展、設計、構建、操作、驗證等工作。,否
2012001012,估算人員,估算工程、圖面和標單；判讀及繪製工程圖面；工程標前訪價與審核，及處理工程相關事務和勞務。,否
2015000000,醫療／保健服務類,,否
2015001007,獸醫師,具有獸醫師資格而應用獸醫學知識於動物疾病之預防、診斷、處方、方劑製配、內外科治療及專業動物護理，以及動物及其產品公共衛生等有關工作人員。,否
2003002013,核保／保險內勤人員,為保險人或受其委任，負責審核保險之工作。,否
2012001013,發包人員,工程案之採購與發包，並負責和外部的廠商溝通協調且控制施工成本。,否
2012002013,水電工,本類人員從事廚衛設備、給水與排水配管、建築物內部電器線路裝修等工作。,否
2015001009,中醫師,具有中醫師資格，依中國傳統醫學方法，從事人類疾病、傷害或精神障礙診斷及治療。或從事以藥方、手法、精神、物理、針灸等方法，為人診斷、治療、預防各種疾病之工作。,否
2016000000,學術／教育／輔導類,,否
2018002013,家事服務人員,提供一般家庭清掃、膳食調理、衣物整理、簡易收納、購物、或小孩接送、長者陪診及陪伴等服務。,否
2003002014,理賠人員,負責各種保險的理賠、勘查現場、理賠清算、和解之工作。,否
2005003014,產品事業處主管,督導、審核及訂定新產品、新材料與新技術之研究發展計劃，技術之合作與移轉規劃，產品性能、製程與品質之標準，以及督導產品上市、銷售計劃與管理產品生命週期。,否
2008000000,研發相關類,,否
2012001014,土地開發人員,負責土地開發之評估、與地主洽談協商以及後續相關法律作業規劃執行。,否
2012002014,防水施工人員,針對各類建築工程進行防水評估與執行防水修繕工程。,否
2013001014,織品設計,根據流行、市場需求，利用各種紡織纖維材料，設計出符合各類用途之織品等工作人員。,否
2015001011,驗光師,專門從事視力檢查、眼鏡處方、及配鏡之工作人員。,否
2018002014,汽車美容人員,為客戶提供適當的汽車外觀與內裝之清潔保養與修復，以及基本的安全性檢查。,否
2003002015,券商後線人員,協助進行證券商信用/集保/交割/資料輸入等工作。,否
2005003015,通路開發人員,負責有關展店地點開發與執行，並選擇適當銷售通路洽談相關事宜，以統籌管理及協調通路作業服務。,否
2009000000,生產製造／品管／環衛類,,否
2015001015,藥學助理,在藥局、醫院及製藥所協助藥師配藥、製藥、檢定藥物；或在藥局販賣藥品，但不售賣麻醉及劇毒藥品等工作人員。,否
2003002016,股務人員,從事代理公司證券發行、登記、過戶及股息紅利發放事項之工作。,否
2013002016,視聽工程類人員,利用電子材料及適當工具、儀器，從事視聽電子器材的裝配、組合、調整及維修，使其達到理想的視聽效果等工作。,否
2015001014,其他醫療人員,進行醫療相關事項之企劃、執行報表分析及製作結果報告，管理報表等相關文件。,否
2017000000,軍警消／保全類,,否
2003000000,財會／金融專業類,於企業內部從事財務規劃、分析、出納或管理等工作,否
2013002017,主持人,透過流暢的語言表達與介紹，有效掌握現場並炒熱氣氛 ，以達到活動、節目宣傳或產品銷售的目的。,否
2015001017,呼吸治療師,依據醫囑執行生命支持，提供心肺系統病患者診斷性測試、治療、監測及復健服務。,否
2015001018,職能治療師,完成職能治療師專業訓練後，藉著使用「有目的性的活動」來治療或協助生理、心理、發展障礙或社會功能上有障礙的人，使他們能獲得最大的生活獨立性的工作。,否
2018000000,其他職類,8,否
2015001019,物理治療師,以一種預防、治療、及處理因疾病或傷害所帶來的動作問題的醫療專業。主要是藉著自然界中的物理因子（聲光水冷電熱力）、運用人體生理學原理法則等，針對人體局部或全身性的功能障礙或病變，施予適當的非侵入性、非藥物性治療來處理患者身體不適和病痛治療方式，使其儘可能地恢復其原有的生理功能。,否
2015001020,語言治療師,從事兒童溝通障礙的評估、診斷與治療；成人溝通障礙的評估、診斷與治療；吞嚥障礙的評估、診斷與治療；溝通輔助器的設計與運用等。,否
2015001021,專科護理師,主要工作為協助醫生處理病人事務，包括住院病人的紀錄、評估及提供家屬病情的說明；並實行醫生交待的事務。,否
2016002021,講師,負責執行課程與教材設計規劃並授課,否
2016002022,數理補習班老師,從事提升學員數學理工能力以及複習學校課程之教學補習工作。,否
2008001026,電子產品系統工程師,從事電子產品硬體系統之研究、設計及技術指導、發展、構建、裝設、驗證等工作。,否
2008001027,太陽能技術工程師,從事太陽能技術及相關產品之研究、設計、開發與生產等工作。,否
2008001028,熱傳工程師,從事產品熱傳之研發、設計、技術指導、構建、裝設、驗證等工作。,否
2008001029,聲學／噪音工程師,從事產品聲學或噪音之研發、設計、技術指導、構建、裝設、驗證等工作。,否
2010001030,鑄造／鍛造模具技術人員,負責熔煉、壓鑄工藝，以及設備和模具的設計與製作。,否
2010001031,粉末冶金模具技術人員,負責粉末冶金零件模具設計及粉末冶金零件工藝設計。,否
2010001032,壓鑄模具技術人員,從事製作及修理壓鑄用金屬模具之工作。,否
2010001033,電鍍／表面處理技術人員,調整、控制電鍍設備，將非鐵金屬鍍於金屬表面。,否
2010001034,精密拋光技術人員,從事精密拋光技術製造、研發、保養、維護及技術指導等工作。,否
2010001035,線切割技術員,操作線切割機台，能按圖獨立加工，線切割元件及錐度，並熟悉模具製造過程。,否
2010001036,雷射操作技術員,操作雷射機台來製作模具加工。,否
2010001037,染整技術人員,將紗線、布疋或各種紡織產品加以漂白、染色、印花、洗滌，或進行各種機能性布料的處理及特殊加工。,否
2010001038,鍋爐操作技術人員,從事鍋爐操作運用，確保鍋爐設備按照排程作業，並執行鍋爐設施例行性維護保養、每日啟停作業、功能測試、檢查及調整等工作。,否
2010001039,塗裝技術人員,依照工作圖及作業規範，？用各種塗裝機具、設備，如噴器、塗料等器材與材料，在房屋、建材、木材、傢俱、金屬、皮革、廣告布面等物件上進行噴漆塗刷。,否

